{"RuleTriggered": 1, "Violations": 1, "Details": {"algo-1": {"cpu": {"p25": 17.546875, "p50": 20.564375, "p75": 34.805625, "p95": 47.5934375, "upper": 60.693749999999994, "lower": 1.245}, "gpu0": {"p25": 0.0, "p50": 0.0, "p75": 0.0, "p95": 19.0, "upper": 0.0, "lower": 0.0}, "gpu0_memory": {"p25": 0.0, "p50": 0.0, "p75": 0.0, "p95": 14.0, "upper": 0.0, "lower": 0.0}}, "last_timestamp": 1682480880000000}, "Datapoints": 1116, "RuleParameters": "cpu_threshold_p95:70\ngpu_threshold_p95:70\ngpu_memory_threshold_p95:70\npatience:1000\nwindow:500"}