{"RuleTriggered": 0, "Violations": 354, "Details": {"low_gpu_utilization": 933, "bottlenecks": {"1682480926.500789": {"GPUs": 1, "CPUs": 1}, "1682480927.50047": {"GPUs": 1, "CPUs": 1}, "1682480928.500468": {"GPUs": 1, "CPUs": 1}, "1682480929.000462": {"GPUs": 1, "CPUs": 2}, "1682480931.500457": {"GPUs": 1, "CPUs": 1}, "1682480933.000469": {"GPUs": 1, "CPUs": 1}, "1682480933.500427": {"GPUs": 1, "CPUs": 1}, "1682480945.000507": {"GPUs": 1, "CPUs": 1}, "1682480951.000458": {"GPUs": 1, "CPUs": 1}, "1682480951.500438": {"GPUs": 1, "CPUs": 1}, "1682480959.500416": {"GPUs": 1, "CPUs": 1}, "1682480960.000412": {"GPUs": 1, "CPUs": 1}, "1682480960.500453": {"GPUs": 1, "CPUs": 1}, "1682480961.000436": {"GPUs": 1, "CPUs": 1}, "1682481002.00043": {"GPUs": 1, "CPUs": 1}, "1682481027.500421": {"GPUs": 1, "CPUs": 1}, "1682481028.500438": {"GPUs": 1, "CPUs": 1}, "1682481035.000391": {"GPUs": 1, "CPUs": 1}, "1682481035.500434": {"GPUs": 1, "CPUs": 1}, "1682481036.500444": {"GPUs": 1, "CPUs": 1}, "1682481037.500383": {"GPUs": 1, "CPUs": 1}, "1682481040.500422": {"GPUs": 1, "CPUs": 1}, "1682481041.500414": {"GPUs": 1, "CPUs": 1}, "1682481046.000416": {"GPUs": 1, "CPUs": 1}, "1682481047.000467": {"GPUs": 1, "CPUs": 1}, "1682481049.000428": {"GPUs": 1, "CPUs": 1}, "1682481049.500393": {"GPUs": 1, "CPUs": 1}, "1682481050.000355": {"GPUs": 1, "CPUs": 1}, "1682481053.500483": {"GPUs": 1, "CPUs": 1}, "1682481055.000396": {"GPUs": 1, "CPUs": 1}, "1682481055.500741": {"GPUs": 1, "CPUs": 1}, "1682481056.500473": {"GPUs": 1, "CPUs": 1}, "1682481057.500451": {"GPUs": 1, "CPUs": 1}, "1682481062.000494": {"GPUs": 1, "CPUs": 1}, "1682481064.0004": {"GPUs": 1, "CPUs": 1}, "1682481070.500438": {"GPUs": 1, "CPUs": 1}, "1682481071.000466": {"GPUs": 1, "CPUs": 1}, "1682481084.000478": {"GPUs": 1, "CPUs": 1}, "1682481122.50046": {"GPUs": 1, "CPUs": 1}, "1682481127.500435": {"GPUs": 1, "CPUs": 1}, "1682481128.000468": {"GPUs": 1, "CPUs": 1}, "1682481129.000487": {"GPUs": 1, "CPUs": 1}, "1682481130.500419": {"GPUs": 1, "CPUs": 1}, "1682481146.500459": {"GPUs": 1, "CPUs": 1}, "1682481147.000399": {"GPUs": 1, "CPUs": 1}, "1682481157.500447": {"GPUs": 1, "CPUs": 1}, "1682481158.000419": {"GPUs": 1, "CPUs": 1}, "1682481158.500401": {"GPUs": 1, "CPUs": 1}, "1682481159.000414": {"GPUs": 1, "CPUs": 1}, "1682481159.500407": {"GPUs": 1, "CPUs": 1}, "1682481160.000407": {"GPUs": 1, "CPUs": 1}, "1682481165.000433": {"GPUs": 1, "CPUs": 1}, "1682481167.000455": {"GPUs": 1, "CPUs": 1}, "1682481167.500441": {"GPUs": 1, "CPUs": 1}, "1682481168.00039": {"GPUs": 1, "CPUs": 1}, "1682481168.500465": {"GPUs": 1, "CPUs": 1}, "1682481169.000428": {"GPUs": 1, "CPUs": 1}, "1682481169.500439": {"GPUs": 1, "CPUs": 1}, "1682481170.000406": {"GPUs": 1, "CPUs": 1}, "1682481170.500435": {"GPUs": 1, "CPUs": 1}, "1682481171.000418": {"GPUs": 1, "CPUs": 1}, "1682481171.500446": {"GPUs": 1, "CPUs": 1}, "1682481172.000397": {"GPUs": 1, "CPUs": 1}, "1682481172.500417": {"GPUs": 1, "CPUs": 1}, "1682481173.000425": {"GPUs": 1, "CPUs": 1}, "1682481187.500414": {"GPUs": 1, "CPUs": 1}, "1682481188.000425": {"GPUs": 1, "CPUs": 1}, "1682481188.500435": {"GPUs": 1, "CPUs": 1}, "1682481189.500451": {"GPUs": 1, "CPUs": 1}, "1682481190.500419": {"GPUs": 1, "CPUs": 1}, "1682481191.000436": {"GPUs": 1, "CPUs": 1}, "1682481192.00044": {"GPUs": 1, "CPUs": 1}, "1682481192.500445": {"GPUs": 1, "CPUs": 2}, "1682481193.000457": {"GPUs": 1, "CPUs": 2}, "1682481193.500446": {"GPUs": 1, "CPUs": 2}, "1682481194.000433": {"GPUs": 1, "CPUs": 2}, "1682481194.500438": {"GPUs": 1, "CPUs": 2}, "1682481195.000406": {"GPUs": 1, "CPUs": 1}, "1682481195.500428": {"GPUs": 1, "CPUs": 1}, "1682481196.000509": {"GPUs": 1, "CPUs": 1}, "1682481196.500437": {"GPUs": 1, "CPUs": 1}, "1682481197.000412": {"GPUs": 1, "CPUs": 1}, "1682481197.500479": {"GPUs": 1, "CPUs": 1}, "1682481198.000434": {"GPUs": 1, "CPUs": 1}, "1682481198.500396": {"GPUs": 1, "CPUs": 1}, "1682481199.000421": {"GPUs": 1, "CPUs": 1}, "1682481199.500498": {"GPUs": 1, "CPUs": 1}, "1682481200.000433": {"GPUs": 1, "CPUs": 1}, "1682481201.500438": {"GPUs": 1, "CPUs": 1}, "1682481202.000406": {"GPUs": 1, "CPUs": 1}, "1682481202.500435": {"GPUs": 1, "CPUs": 1}, "1682481203.000426": {"GPUs": 1, "CPUs": 1}, "1682481203.500438": {"GPUs": 1, "CPUs": 1}, "1682481206.50045": {"GPUs": 1, "CPUs": 1}, "1682481207.000426": {"GPUs": 1, "CPUs": 1}, "1682481207.500488": {"GPUs": 1, "CPUs": 1}, "1682481208.000419": {"GPUs": 1, "CPUs": 1}, "1682481208.500466": {"GPUs": 1, "CPUs": 1}, "1682481209.000412": {"GPUs": 1, "CPUs": 1}, "1682481209.500403": {"GPUs": 1, "CPUs": 1}, "1682481214.000457": {"GPUs": 1, "CPUs": 1}, "1682481214.500461": {"GPUs": 1, "CPUs": 1}, "1682481218.000411": {"GPUs": 1, "CPUs": 1}, "1682481223.000494": {"GPUs": 1, "CPUs": 1}, "1682481230.500442": {"GPUs": 1, "CPUs": 1}, "1682481232.000436": {"GPUs": 1, "CPUs": 1}, "1682481233.00041": {"GPUs": 1, "CPUs": 1}, "1682481234.000397": {"GPUs": 1, "CPUs": 1}, "1682481235.000499": {"GPUs": 1, "CPUs": 1}, "1682481236.000404": {"GPUs": 1, "CPUs": 1}, "1682481237.00043": {"GPUs": 1, "CPUs": 1}, "1682481238.000433": {"GPUs": 1, "CPUs": 1}, "1682481239.000449": {"GPUs": 1, "CPUs": 1}, "1682481239.500469": {"GPUs": 1, "CPUs": 1}, "1682481240.500404": {"GPUs": 1, "CPUs": 1}, "1682481241.500441": {"GPUs": 1, "CPUs": 1}, "1682481244.000437": {"GPUs": 1, "CPUs": 1}, "1682481244.500418": {"GPUs": 1, "CPUs": 1}, "1682481245.000405": {"GPUs": 1, "CPUs": 1}, "1682481245.50045": {"GPUs": 1, "CPUs": 1}, "1682481246.000432": {"GPUs": 1, "CPUs": 1}, "1682481246.500434": {"GPUs": 1, "CPUs": 1}, "1682481247.000456": {"GPUs": 1, "CPUs": 1}, "1682481248.50044": {"GPUs": 1, "CPUs": 1}, "1682481251.00045": {"GPUs": 1, "CPUs": 1}, "1682481251.500436": {"GPUs": 1, "CPUs": 1}, "1682481252.000419": {"GPUs": 1, "CPUs": 1}, "1682481254.500428": {"GPUs": 1, "CPUs": 1}, "1682481256.000405": {"GPUs": 1, "CPUs": 1}, "1682481257.000386": {"GPUs": 1, "CPUs": 1}, "1682481259.000437": {"GPUs": 1, "CPUs": 1}, "1682481260.000446": {"GPUs": 1, "CPUs": 1}, "1682481260.500417": {"GPUs": 1, "CPUs": 1}, "1682481261.500457": {"GPUs": 1, "CPUs": 1}, "1682481262.000409": {"GPUs": 1, "CPUs": 1}, "1682481262.500399": {"GPUs": 1, "CPUs": 1}, "1682481264.500413": {"GPUs": 1, "CPUs": 1}, "1682481265.00043": {"GPUs": 1, "CPUs": 1}, "1682481265.500413": {"GPUs": 1, "CPUs": 1}, "1682481266.000403": {"GPUs": 1, "CPUs": 1}, "1682481267.00041": {"GPUs": 1, "CPUs": 1}, "1682481267.500407": {"GPUs": 1, "CPUs": 1}, "1682481268.000446": {"GPUs": 1, "CPUs": 1}, "1682481269.50043": {"GPUs": 1, "CPUs": 1}, "1682481270.500403": {"GPUs": 1, "CPUs": 1}, "1682481271.500432": {"GPUs": 1, "CPUs": 1}, "1682481273.000454": {"GPUs": 1, "CPUs": 1}, "1682481273.500399": {"GPUs": 1, "CPUs": 1}, "1682481274.000464": {"GPUs": 1, "CPUs": 1}, "1682481274.500478": {"GPUs": 1, "CPUs": 1}, "1682481278.000404": {"GPUs": 1, "CPUs": 1}, "1682481279.000428": {"GPUs": 1, "CPUs": 1}, "1682481279.50042": {"GPUs": 1, "CPUs": 1}, "1682481281.500482": {"GPUs": 1, "CPUs": 1}, "1682481284.000444": {"GPUs": 1, "CPUs": 1}, "1682481284.500429": {"GPUs": 1, "CPUs": 1}, "1682481285.500396": {"GPUs": 1, "CPUs": 1}, "1682481286.000466": {"GPUs": 1, "CPUs": 1}, "1682481286.500441": {"GPUs": 1, "CPUs": 1}, "1682481287.000423": {"GPUs": 1, "CPUs": 1}, "1682481287.500414": {"GPUs": 1, "CPUs": 1}, "1682481288.00043": {"GPUs": 1, "CPUs": 1}, "1682481288.500407": {"GPUs": 1, "CPUs": 1}, "1682481290.000397": {"GPUs": 1, "CPUs": 1}, "1682481292.500426": {"GPUs": 1, "CPUs": 1}, "1682481294.00039": {"GPUs": 1, "CPUs": 1}, "1682481294.500403": {"GPUs": 1, "CPUs": 1}, "1682481295.500438": {"GPUs": 1, "CPUs": 1}, "1682481297.500437": {"GPUs": 1, "CPUs": 1}, "1682481298.000434": {"GPUs": 1, "CPUs": 1}, "1682481299.500427": {"GPUs": 1, "CPUs": 1}, "1682481300.000424": {"GPUs": 1, "CPUs": 1}, "1682481300.500408": {"GPUs": 1, "CPUs": 1}, "1682481301.000479": {"GPUs": 1, "CPUs": 1}, "1682481304.50041": {"GPUs": 1, "CPUs": 1}, "1682481305.00043": {"GPUs": 1, "CPUs": 1},