{"RuleTriggered": 0, "Violations": 0, "Details": {"pin_memory": false, "num_workers": 0, "cores": 8, "dataloaders": 1, "dataloading_time": {"p25": 0.39426249999999996, "p50": 0.439488, "p95": 0.6299304, "probs": [1, 0, 0, 0, 0, 0, 0, 0, 0, 0, 0, 0, 0, 0, 0, 0, 0, 0, 1, 0, 0, 0, 0, 0, 0, 0, 1, 0, 0, 0, 0, 0, 0, 0, 0, 0, 0, 0, 1, 0, 1, 0, 1, 0, 0, 0, 0, 0, 0, 0, 0, 0, 0, 0, 0, 0, 0, 0, 0, 0, 0, 0, 0, 0, 0, 0, 0, 0, 0, 0, 0, 1, 0, 0, 0, 0, 0, 1, 0, 0, 0, 0, 0, 0, 0, 1, 0, 0, 0, 0, 0, 0, 0, 0, 0, 0, 0, 0, 0, 1], "binedges": [0.285145, 0.28884093, 0.29253686, 0.29623278999999997, 0.29992872, 0.30362465, 0.30732058, 0.31101650999999997, 0.31471244, 0.31840837, 0.3221043, 0.32580022999999997, 0.32949616, 0.33319209, 0.33688802, 0.34058394999999997, 0.34427988, 0.34797581, 0.35167174, 0.35536767, 0.3590636, 0.36275953, 0.36645546, 0.37015138999999997, 0.37384732, 0.37754325, 0.38123918, 0.38493511, 0.38863104, 0.39232697, 0.3960229, 0.39971882999999997, 0.40341476, 0.40711069, 0.41080662, 0.41450255, 0.41819848000000004, 0.42189441, 0.42559034, 0.42928626999999997, 0.4329822, 0.43667813, 0.44037406, 0.44406999, 0.44776592000000004, 0.45146185, 0.45515778, 0.45885370999999997, 0.46254964, 0.46624557, 0.4699415, 0.47363743, 0.47733336000000004, 0.48102929, 0.48472522, 0.48842114999999997, 0.49211708, 0.49581301, 0.49950894, 0.50320487, 0.5069008, 0.51059673, 0.51429266, 0.51798859, 0.52168452, 0.52538045, 0.52907638, 0.53277231, 0.53646824, 0.5401641699999999, 0.5438601000000001, 0.54755603, 0.5512519600000001, 0.55494789, 0.55864382, 0.56233975, 0.56603568, 0.56973161, 0.57342754, 0.5771234700000001, 0.5808194, 0.58451533, 0.58821126, 0.59190719, 0.59560312, 0.5992990499999999, 0.6029949800000001, 0.60669091, 0.6103868400000001, 0.61408277, 0.6177787, 0.62147463, 0.62517056, 0.6288664900000001, 0.63256242, 0.6362583500000001, 0.63995428, 0.6436502100000001, 0.64734614, 0.65104207, 0.654738]}}, "Datapoints": 10, "RuleParameters": "min_threshold:70\nmax_threshold:200"}