{"RuleTriggered": 0, "Violations": 48, "Details": {"low_gpu_utilization": 933, "bottlenecks": {"1682480926.000442": {"GPUs": 1, "CPUs": 1}, "1682480927.000445": {"GPUs": 1, "CPUs": 1}, "1682480927.50047": {"GPUs": 1, "CPUs": 1}, "1682481154.500445": {"GPUs": 1, "CPUs": 1}, "1682481157.500447": {"GPUs": 1, "CPUs": 1}, "1682481158.000419": {"GPUs": 1, "CPUs": 1}, "1682481158.500401": {"GPUs": 1, "CPUs": 1}, "1682481159.000414": {"GPUs": 1, "CPUs": 1}, "1682481159.500407": {"GPUs": 1, "CPUs": 1}, "1682481160.000407": {"GPUs": 1, "CPUs": 1}, "1682481160.500416": {"GPUs": 1, "CPUs": 1}, "1682481161.000406": {"GPUs": 1, "CPUs": 1}, "1682481165.500465": {"GPUs": 1, "CPUs": 1}, "1682481169.500439": {"GPUs": 1, "CPUs": 1}, "1682481172.500417": {"GPUs": 1, "CPUs": 1}, "1682481173.000425": {"GPUs": 1, "CPUs": 1}, "1682481174.500399": {"GPUs": 1, "CPUs": 1}, "1682481187.500414": {"GPUs": 1, "CPUs": 1}, "1682481188.000425": {"GPUs": 1, "CPUs": 1}, "1682481189.000399": {"GPUs": 1, "CPUs": 1}, "1682481192.00044": {"GPUs": 1, "CPUs": 1}, "1682481192.500445": {"GPUs": 1, "CPUs": 1}, "1682481193.000457": {"GPUs": 1, "CPUs": 1}, "1682481193.500446": {"GPUs": 1, "CPUs": 1}, "1682481194.000433": {"GPUs": 1, "CPUs": 1}, "1682481194.500438": {"GPUs": 1, "CPUs": 1}, "1682481195.500428": {"GPUs": 1, "CPUs": 1}, "1682481196.000509": {"GPUs": 1, "CPUs": 1}, "1682481196.500437": {"GPUs": 1, "CPUs": 1}, "1682481197.500479": {"GPUs": 1, "CPUs": 1}, "1682481199.000421": {"GPUs": 1, "CPUs": 1}, "1682481214.500461": {"GPUs": 1, "CPUs": 1}, "1682481222.500417": {"GPUs": 1, "CPUs": 1}, "1682481223.000494": {"GPUs": 1, "CPUs": 1}, "1682481224.000458": {"GPUs": 1, "CPUs": 1}, "1682481225.000427": {"GPUs": 1, "CPUs": 1}, "1682481226.000431": {"GPUs": 1, "CPUs": 1}, "1682481226.500438": {"GPUs": 1, "CPUs": 1}, "1682481454.500423": {"GPUs": 1, "CPUs": 1}, "1682481455.500439": {"GPUs": 1, "CPUs": 1}, "1682481456.000396": {"GPUs": 1, "CPUs": 1}, "1682481456.500479": {"GPUs": 1, "CPUs": 1}, "1682481457.500448": {"GPUs": 1, "CPUs": 1}, "1682481458.000431": {"GPUs": 1, "CPUs": 1}, "1682481458.500401": {"GPUs": 1, "CPUs": 1}, "1682481459.500439": {"GPUs": 1, "CPUs": 1}, "1682481460.500403": {"GPUs": 1, "CPUs": 1}, "1682481461.000398": {"GPUs": 1, "CPUs": 1}}}, "Datapoints": 1119, "RuleParameters": "threshold:50\nio_threshold:50\ngpu_threshold:10\npatience:1000"}