{"RuleTriggered": 0, "Violations": 0, "Details": {"step_num": {"first": 1682481208347974, "last": 1682481479700450}, "job_start": 1682480921.500321, "job_end": 1682481479.500669}, "Datapoints": 576, "RuleParameters": "threshold:20"}