{"RuleTriggered": 0, "Violations": 0, "Details": {"ratio": {"gpu_functions-dev:0": 51.51716888219755, "cpu_functions": 48.48283111780245}, "phase": {"Step:ModeKeys.TRAIN": 25.31033670889618, "others": 74.68966329110381}, "phase_time": {}, "CPU": {"aten::conv2d": 10.432983510863506, "aten::convolution": 10.327806542847869, "aten::_convolution": 10.268717781583325, "aten::cudnn_convolution": 10.184928822605936, "aten::to": 6.544773558840604, "aten::copy_": 6.772253307631206, "aten::linear": 2.8068188635906335, "aten::addmm": 2.8018890944005443, "enumerate(DataLoader)#_SingleProcessDataLoaderIter.__next__": 39.85982851763638}, "CPU_total": {"aten::conv2d": 1219002, "aten::convolution": 1206713, "aten::_convolution": 1199809, "aten::cudnn_convolution": 1190019, "aten::to": 764699, "aten::copy_": 791278, "aten::linear": 327952, "aten::addmm": 327376, "enumerate(DataLoader)#_SingleProcessDataLoaderIter.__next__": 4657269}, "GPU": {"aten::conv2d": 11.151140479696274, "aten::convolution": 11.075805251329106, "aten::_convolution": 11.033033811444458, "aten::cudnn_convolution": 10.96968465584542, "aten::to": 6.2044573898361355, "aten::copy_": 6.423828507558535, "aten::linear": 2.663060125584159, "aten::addmm": 2.658463840227274, "enumerate(DataLoader)#_SingleProcessDataLoaderIter.__next__": 37.82052593847864}, "GPU_total": {"aten::conv2d": 1373184, "aten::convolution": 1363907, "aten::_convolution": 1358640, "aten::cudnn_convolution": 1350839, "aten::to": 764035, "aten::copy_": 791049, "aten::linear": 327937, "aten::addmm": 327371, "enumerate(DataLoader)#_SingleProcessDataLoaderIter.__next__": 4657330}, "general": {"DataLoaderIterInitialize": 0.0018970424447058301, "DataLoaderIter": 10.719420741737668, "Forward": 89.27868221581762}}, "Datapoints": 0, "RuleParameters": ""}