{"RuleTriggered": 0, "Violations": 0, "Details": {"step_details": {"algo-1-37": {"step_stats": {"mean": 0.06799087847222222, "max": 5.50606, "p99": 1.08541225, "p95": 0.0389305, "p50": 0.034508, "min": 0.032462}, "number_of_outliers": 8, "phase": "Step:ModeKeys.TRAIN", "stddev": 0.31, "probs": [557, 7, 0, 0, 0, 0, 0, 0, 0, 0, 0, 0, 0, 0, 0, 0, 0, 0, 0, 0, 0, 0, 0, 0, 0, 0, 0, 0, 0, 0, 0, 0, 0, 0, 0, 0, 0, 0, 0, 0, 0, 0, 0, 0, 0, 0, 0, 0, 0, 0, 1, 0, 0, 0, 0, 0, 0, 0, 0, 0, 0, 0, 0, 0, 0, 0, 0, 0, 0, 0, 0, 0, 0, 0, 0, 0, 0, 0, 0, 0, 0, 0, 0, 0, 0, 0, 0, 0, 0, 0, 0, 0, 0, 0, 0, 0, 0, 1, 1, 1], "binedges": [0.032462, 0.0418445, 0.051226999999999995, 0.0606095, 0.069992, 0.0793745, 0.088757, 0.09813949999999999, 0.107522, 0.1169045, 0.126287, 0.1356695, 0.145052, 0.1544345, 0.163817, 0.1731995, 0.182582, 0.19196449999999998, 0.201347, 0.2107295, 0.220112, 0.2294945, 0.238877, 0.2482595, 0.257642, 0.2670245, 0.276407, 0.2857895, 0.295172, 0.3045545, 0.313937, 0.3233195, 0.332702, 0.3420845, 0.351467, 0.3608495, 0.370232, 0.3796145, 0.388997, 0.3983795, 0.407762, 0.4171445, 0.426527, 0.4359095, 0.445292, 0.4546745, 0.464057, 0.4734395, 0.482822, 0.4922045, 0.501587, 0.5109695000000001, 0.520352, 0.5297345, 0.539117, 0.5484995, 0.557882, 0.5672645, 0.576647, 0.5860295, 0.595412, 0.6047945, 0.614177, 0.6235595, 0.632942, 0.6423245, 0.651707, 0.6610895, 0.670472, 0.6798545, 0.689237, 0.6986195000000001, 0.708002, 0.7173845, 0.726767, 0.7361495, 0.745532, 0.7549145, 0.764297, 0.7736795, 0.783062, 0.7924445, 0.801827, 0.8112095, 0.820592, 0.8299745000000001, 0.839357, 0.8487395, 0.858122, 0.8675045, 0.876887, 0.8862695, 0.895652, 0.9050345, 0.914417, 0.9237995, 0.933182, 0.9425645, 0.951947, 0.9613295000000001, 0.970712], "step_numbers": ["0", "1", "2", "3", "4", "5", "6", "500"]}}}, "Datapoints": 576, "RuleParameters": "threshold:3\nmode:None\nn_outliers:10\nstddev:3"}